,Covariates,Ćelpd,SE(Ćelpd),elpd,SE(elpd),p_loo,se_p_loo,looic,se_looic
IME detect,MLD_obs + MLD_pred + time + month,0,0,-7304.067742,33.47617422,274.0355547,3.109296572,14608.13548,66.95234845
,MLD_obs + time + month,-25.43790376,7.059690437,-7329.505646,33.10541079,270.9600142,3.142122648,14659.01129,66.21082158
,time + month,-158.8204397,17.44313714,-7462.888182,27.75906488,207.1343736,2.130870513,14925.77636,55.51812977
IME strength,MLD_obs + MLD_pred + time + month,0,0,5597.729571,76.66228627,538.4166169,18.95654694,-11195.45914,153.3245725
,MLD_obs + time + month,-375.300696,33.71357633,5222.428875,74.67518879,486.5322712,17.23158456,-10444.85775,149.3503776
,time + month,-678.2915466,46.17919299,4919.438025,79.40165035,459.899664,20.98761849,-9838.876049,158.8033007
,,,,,,,,,
Table S1 | Model comparison using LOO. Top-ranked models have the lowest log pointwise predictive density (elpd). Additional estimates provided for effective number of parameters (p_loo) and LOO information criterion (looic).,,,,,,,,,