"group","response","mean_abs_shap","rel_R2","abs_R2","sum_abs_R2","joint_resid"
"Geomorphic","Planktivore",1.02294832690926,0.35482803225231,0.258637580370896,1,-2.22044604925031e-16
"Oceanographic","Planktivore",0.692850187046712,0.240327553257964,0.36786583577028,1,-2.22044604925031e-16
"Fish_habitat","Planktivore",0.835741715775638,0.289892050926775,0.321983436232558,1,-2.22044604925031e-16
"Human","Planktivore",0.331400896469674,0.114952363562951,0.0515131476262671,1,-2.22044604925031e-16
"Geomorphic","Herbivore",0.67127350242927,0.454413949122991,0.43493773912333,1,2.22044604925031e-16
"Oceanographic","Herbivore",0.499207009526787,0.337934728256085,0.433393925012571,1,2.22044604925031e-16
"Fish_habitat","Herbivore",0.276533869242192,0.187197687878117,0.129526228168478,1,2.22044604925031e-16
"Human","Herbivore",0.03021470414302,0.0204536347428062,0.00214210769562051,1,2.22044604925031e-16
