"model","elpd_diff","se_diff","elpd_loo","se_elpd_loo","p_loo","se_p_loo","looic","se_looic","dist"
"m_detectMLDtrend",0,0,-7304.06774203622,33.4761742225921,274.03555473938,3.10929657202377,14608.1354840724,66.9523484451843,"IME detect"
"m_detect",-25.4379037637283,7.05969043730175,-7329.50564579996,33.105410789282,270.96001424591,3.14212264758687,14659.0112915999,66.2108215785641,"IME detect"
"m_detectNoMLD",-158.820439725028,17.4431371355514,-7462.88818176126,27.7590648838903,207.134373566684,2.13087051259253,14925.7763635225,55.5181297677806,"IME detect"
"m_hurdleMLDtrend",0,0,5597.7295713323,76.6622862686929,538.416616855424,18.9565469386263,-11195.4591426646,153.324572537386,"IME strength"
"m_hurdle",-375.300696008165,33.7135763313867,5222.42887532415,74.6751887878747,486.532271248056,17.2315845579061,-10444.8577506483,149.35037757575,"IME strength"
"m_hurdleNoMLD",-678.291546622679,46.1791929900722,4919.43802470962,79.4016503473994,459.89966395213,20.9876184866264,-9838.87604941925,158.803300694799,"IME strength"
